,Bäckerei,Gemeinde,Kanton,URL
0,Bäckerei zur Kettenbrücke M. Leutwiler,Aarau,AG - Aargau,https://ag.chregister.ch/cr-portal/auszug/zefix.xhtml?uid=CHE-107.083.298&lang=de
1,"Bäckerei, Konditorei Fahrni",Dotzigen,BE - Bern,https://be.chregister.ch/cr-portal/auszug/zefix.xhtml?uid=CHE-107.180.240&lang=de
2,"Bäckerei, Konditorei Winter, Ilic Milovan",Adliswil,ZH - Zürich,https://zh.chregister.ch/cr-portal/auszug/zefix.xhtml?uid=CHE-189.036.773&lang=de
3,"Bäckerei, Konditorei, Café ""Zum Steinenen Trauben"" Walz",Stein am Rhein,SH - Schaffhausen,https://sh.chregister.ch/cr-portal/auszug/zefix.xhtml?uid=CHE-106.833.950&lang=de
4,"Bäckerei, Konditorei, Confiserie Mock",Basel,BS - Basel-Stadt,https://bs.chregister.ch/cr-portal/auszug/zefix.xhtml?uid=CHE-110.597.445&lang=de
5,"Bäckerei, Konditorei, Lebensmittel E. Fahrni",Sigriswil,BE - Bern,https://be.chregister.ch/cr-portal/auszug/zefix.xhtml?uid=CHE-105.384.814&lang=de
6,"Bäckerei, Tea-Room und Garni Imseng",Saas-Fee,VS - Brig (Oberwallis),https://vo.chregister.ch/cr-portal/auszug/zefix.xhtml?uid=CHE-106.986.387&lang=de
7,Bäckerei-Café Betschart,Bonstetten,ZH - Zürich,https://zh.chregister.ch/cr-portal/auszug/zefix.xhtml?uid=CHE-115.764.041&lang=de
8,Bäckerei-Café Kohler AG,Hunzenschwil,AG - Aargau,https://ag.chregister.ch/cr-portal/auszug/zefix.xhtml?uid=CHE-214.578.660&lang=de
9,Bäckerei-Café Meyer AG,Hitzkirch,LU - Luzern,https://lu.chregister.ch/cr-portal/auszug/zefix.xhtml?uid=CHE-112.409.371&lang=de
10,Bäckerei-Konditorei Hirt,Bözberg,AG - Aargau,https://ag.chregister.ch/cr-portal/auszug/zefix.xhtml?uid=CHE-108.035.907&lang=de
11,Bäckerei-Konditorei Hollenstein,Seuzach,ZH - Zürich,https://zh.chregister.ch/cr-portal/auszug/zefix.xhtml?uid=CHE-107.166.984&lang=de
12,Bäckerei-Konditorei Holliger,Biel/Bienne,BE - Bern,https://be.chregister.ch/cr-portal/auszug/zefix.xhtml?uid=CHE-107.178.421&lang=de
13,Bäckerei-Konditorei Huber,Oberwil-Lieli,AG - Aargau,https://ag.chregister.ch/cr-portal/auszug/zefix.xhtml?uid=CHE-107.137.089&lang=de
14,Bäckerei-Konditorei Huber,Sumiswald,BE - Bern,https://be.chregister.ch/cr-portal/auszug/zefix.xhtml?uid=CHE-107.232.428&lang=de
15,Bäckerei-Konditorei Hugo Ebener,Kippel,VS - Brig (Oberwallis),https://vo.chregister.ch/cr-portal/auszug/zefix.xhtml?uid=CHE-109.289.787&lang=de
16,Bäckerei-Konditorei Ingold,Lüterkofen-Ichertswil,SO - Solothurn,https://so.chregister.ch/cr-portal/auszug/zefix.xhtml?uid=CHE-319.177.518&lang=de
17,Bäckerei-Konditorei Jenni,Gals,BE - Bern,https://be.chregister.ch/cr-portal/auszug/zefix.xhtml?uid=CHE-105.152.534&lang=de
18,Bäckerei-Konditorei Josef Kreyenbühl,Luzern,LU - Luzern,https://lu.chregister.ch/cr-portal/auszug/zefix.xhtml?uid=CHE-105.802.510&lang=de
19,Bäckerei-Konditorei Jung (Beck Jung),Kirchberg (SG),SG - St. Gallen,https://sg.chregister.ch/cr-portal/auszug/zefix.xhtml?uid=CHE-470.719.009&lang=de
20,Bäckerei-Konditorei Waeber GmbH,Fribourg,FR - Fribourg,https://adm.appls.fr.ch/hrcmatic/hrcintapp/externalCompanyReport.action?companyOfrcId13=CH-217-3535242-1&ofrcLanguage=4
21,Bäckerei-Konditorei Wegmüller,Oberdiessbach,BE - Bern,https://be.chregister.ch/cr-portal/auszug/zefix.xhtml?uid=CHE-110.572.735&lang=de
22,Bäckerei-Konditorei Widmer,Krattigen,BE - Bern,https://be.chregister.ch/cr-portal/auszug/zefix.xhtml?uid=CHE-114.265.166&lang=de
23,Bäckerei-Konditorei Widmer AG,Langnau am Albis,ZH - Zürich,https://zh.chregister.ch/cr-portal/auszug/zefix.xhtml?uid=CHE-105.747.733&lang=de
24,Bäckerei-Konditorei Wirth,Niederwil (AG),AG - Aargau,https://ag.chregister.ch/cr-portal/auszug/zefix.xhtml?uid=CHE-268.364.717&lang=de
25,"Bäckerei-Konditorei zum Brotegge, M. Godderidge",Lenk,BE - Bern,https://be.chregister.ch/cr-portal/auszug/zefix.xhtml?uid=CHE-109.966.346&lang=de
26,"Bäckerei-Konditorei, Tea-Room Spatz, Amstutz",Steffisburg,BE - Bern,https://be.chregister.ch/cr-portal/auszug/zefix.xhtml?uid=CHE-108.555.489&lang=de
27,"Bäckerei-Konditorei, Theodor Rathgeb",Bauma,ZH - Zürich,https://zh.chregister.ch/cr-portal/auszug/zefix.xhtml?uid=CHE-112.646.103&lang=de
28,Bäckerei-Konditorei-Café Botti GmbH,Sirnach,TG - Thurgau,https://tg.chregister.ch/cr-portal/auszug/zefix.xhtml?uid=CHE-141.952.134&lang=de
29,"Bäckerei-Konditorei-Café Brötie, Nachfolger Ulrich Käser",Thun,BE - Bern,https://be.chregister.ch/cr-portal/auszug/zefix.xhtml?uid=CHE-109.455.086&lang=de
30,Bäckerei-Konditorei-Café Moos Fabienne GmbH,Luzern,LU - Luzern,https://lu.chregister.ch/cr-portal/auszug/zefix.xhtml?uid=CHE-209.788.536&lang=de
31,Bäckerei-Konditorei-Café Mor GmbH,Villnachern,AG - Aargau,https://ag.chregister.ch/cr-portal/auszug/zefix.xhtml?uid=CHE-110.641.098&lang=de
32,Bäckerei-Konditorei-Café P. Signer,Zizers,GR - Graubünden,https://gr.chregister.ch/cr-portal/auszug/zefix.xhtml?uid=CHE-108.076.272&lang=de
33,Bäckerei-Konditorei-Café Ringgenberg GmbH,Grindelwald,BE - Bern,https://be.chregister.ch/cr-portal/auszug/zefix.xhtml?uid=CHE-165.612.999&lang=de
34,Bäckerei-Konditorei-Café Schulz & Co.,Reinach (AG),AG - Aargau,https://ag.chregister.ch/cr-portal/auszug/zefix.xhtml?uid=CHE-357.846.160&lang=de
35,Bäckerei-Konditorei-Café Weber AG,Davos,GR - Graubünden,https://gr.chregister.ch/cr-portal/auszug/zefix.xhtml?uid=CHE-231.254.678&lang=de
36,Bäckerei-Konditorei-Confiserie Erni,Ruswil,LU - Luzern,https://lu.chregister.ch/cr-portal/auszug/zefix.xhtml?uid=CHE-114.518.114&lang=de
37,Bäckerei-Konditorei-Confiserie Gfeller AG,Klingnau,AG - Aargau,https://ag.chregister.ch/cr-portal/auszug/zefix.xhtml?uid=CHE-479.879.777&lang=de
38,Bäckerei-Konditorei-Confiserie Krebs,Basel,BS - Basel-Stadt,https://bs.chregister.ch/cr-portal/auszug/zefix.xhtml?uid=CHE-107.732.458&lang=de
39,"Bäckerei-Konditorei-Confiserie Schläpfer, Inhaber Emil Knöpfel",Herisau,AR - Appenzell A. Rh.,https://ar.chregister.ch/cr-portal/auszug/zefix.xhtml?uid=CHE-114.582.253&lang=de
40,"Bäckerei-Konditorei Karl Wüthrich, Café Cat",Köniz,BE - Bern,https://be.chregister.ch/cr-portal/auszug/zefix.xhtml?uid=CHE-108.763.757&lang=de
41,"Bäckerei-Konditorei Kistler, Inhaber Bruno Schirmer",Reichenburg,SZ - Schwyz,https://sz.chregister.ch/cr-portal/auszug/zefix.xhtml?uid=CHE-110.574.898&lang=de
42,"Bäckerei-Konditorei Kistler, Inhaber Bruno Schirmer",Benken (SG),SG - St. Gallen,https://sg.chregister.ch/cr-portal/auszug/zefix.xhtml?uid=CHE-252.198.241&lang=de
43,"Bäckerei-Konditorei Knuchel, Inhaber H. Bichsel",Bätterkinden,BE - Bern,https://be.chregister.ch/cr-portal/auszug/zefix.xhtml?uid=CHE-101.363.291&lang=de
44,Bäckerei-Konditorei Köchli,Waltenschwil,AG - Aargau,https://ag.chregister.ch/cr-portal/auszug/zefix.xhtml?uid=CHE-107.109.880&lang=de
45,Bäckerei-Konditorei Krenger,Bolligen,BE - Bern,https://be.chregister.ch/cr-portal/auszug/zefix.xhtml?uid=CHE-237.658.100&lang=de
46,Bäckerei-Konditorei Kreyenbühl,Muri (AG),AG - Aargau,https://ag.chregister.ch/cr-portal/auszug/zefix.xhtml?uid=CHE-106.805.586&lang=de
47,Bäckerei-Konditorei Lehmann AG,Schinznach,AG - Aargau,https://ag.chregister.ch/cr-portal/auszug/zefix.xhtml?uid=CHE-357.408.647&lang=de
48,Bäckerei-Konditorei Markus Bartlome,Hindelbank,BE - Bern,https://be.chregister.ch/cr-portal/auszug/zefix.xhtml?uid=CHE-107.182.262&lang=de
49,Bäckerei-Konditorei Markus Zimmermann,Obergösgen,SO - Solothurn,https://so.chregister.ch/cr-portal/auszug/zefix.xhtml?uid=CHE-106.933.439&lang=de
50,Bäckerei-Café Willy Egli AG,Thun,BE - Bern,https://be.chregister.ch/cr-portal/auszug/zefix.xhtml?uid=CHE-112.806.720&lang=de
51,Bäckerei-Café Zulauf AG,Roggwil (BE),BE - Bern,https://be.chregister.ch/cr-portal/auszug/zefix.xhtml?uid=CHE-106.317.341&lang=de
52,Bäckerei-Conditorei Fleischli AG,Niederglatt,ZH - Zürich,https://zh.chregister.ch/cr-portal/auszug/zefix.xhtml?uid=CHE-432.152.024&lang=de
53,Bäckerei-Conditorei Hinder,Nesslau,SG - St. Gallen,https://sg.chregister.ch/cr-portal/auszug/zefix.xhtml?uid=CHE-107.288.423&lang=de
54,Bäckerei-Conditorei Köfler,Andeer,GR - Graubünden,https://gr.chregister.ch/cr-portal/auszug/zefix.xhtml?uid=CHE-107.526.769&lang=de
55,Bäckerei-Conditorei W. Moosberger,Möriken-Wildegg,AG - Aargau,https://ag.chregister.ch/cr-portal/auszug/zefix.xhtml?uid=CHE-105.778.797&lang=de
56,Bäckerei-Confiserie Koch AG,Hochdorf,LU - Luzern,https://lu.chregister.ch/cr-portal/auszug/zefix.xhtml?uid=CHE-161.261.085&lang=de
57,Bäckerei-Confiserie Richner AG,Veltheim (AG),AG - Aargau,https://ag.chregister.ch/cr-portal/auszug/zefix.xhtml?uid=CHE-289.307.116&lang=de
58,Bäckerei-Confiserie Widmer,Arosa,GR - Graubünden,https://gr.chregister.ch/cr-portal/auszug/zefix.xhtml?uid=CHE-427.352.818&lang=de
59,Bäckerei-Confiserie Woodtli & Weber,Kirchberg (BE),BE - Bern,https://be.chregister.ch/cr-portal/auszug/zefix.xhtml?uid=CHE-110.497.915&lang=de
60,Bäckerei Konditorei Café Meier,Basel,BS - Basel-Stadt,https://bs.chregister.ch/cr-portal/auszug/zefix.xhtml?uid=CHE-193.500.199&lang=de
61,Bäckerei Konditorei Confiserie Haas,Oberlunkhofen,AG - Aargau,https://ag.chregister.ch/cr-portal/auszug/zefix.xhtml?uid=CHE-114.448.583&lang=de
62,Bäckerei Konditorei Confiserie Schillig GmbH,Bürglen (UR),UR - Uri,https://ur.chregister.ch/cr-portal/auszug/zefix.xhtml?uid=CHE-278.962.802&lang=de
63,Bäckerei Konditorei Confiserie Wick AG,Rapperswil-Jona,SG - St. Gallen,https://sg.chregister.ch/cr-portal/auszug/zefix.xhtml?uid=CHE-110.195.673&lang=de
64,Bäckerei Konditorei Dörig,Oberbüren,SG - St. Gallen,https://sg.chregister.ch/cr-portal/auszug/zefix.xhtml?uid=CHE-107.266.918&lang=de
65,"Bäckerei Konditorei Fahrni, Nachfolger Heinz Geissbühler",Thun,BE - Bern,https://be.chregister.ch/cr-portal/auszug/zefix.xhtml?uid=CHE-276.039.461&lang=de
66,Bäckerei Konditorei Gabriel AG,Breil/Brigels,GR - Graubünden,https://gr.chregister.ch/cr-portal/auszug/zefix.xhtml?uid=CHE-361.794.690&lang=de
67,Bäckerei Konditorei Graber,Aeschi bei Spiez,BE - Bern,https://be.chregister.ch/cr-portal/auszug/zefix.xhtml?uid=CHE-113.643.314&lang=de
68,Bäckerei Konditorei Grossenbacher AG,Jegenstorf,BE - Bern,https://be.chregister.ch/cr-portal/auszug/zefix.xhtml?uid=CHE-166.810.220&lang=de
69,Bäckerei Konditorei Gut,Marthalen,ZH - Zürich,https://zh.chregister.ch/cr-portal/auszug/zefix.xhtml?uid=CHE-152.889.089&lang=de
70,"Bäckerei/Konditorei Muri's Produkte, Williner Moritz",Grächen,VS - Brig (Oberwallis),https://vo.chregister.ch/cr-portal/auszug/zefix.xhtml?uid=CHE-143.726.755&lang=de
71,Bäckereiservice Hunkeler,Niederwil (AG),AG - Aargau,https://ag.chregister.ch/cr-portal/auszug/zefix.xhtml?uid=CHE-110.602.224&lang=de
72,Bäckerei-Konditorei Peter Müller,Luzern,LU - Luzern,https://lu.chregister.ch/cr-portal/auszug/zefix.xhtml?uid=CHE-107.242.705&lang=de
73,Bäckerei-Konditorei R. Lüchinger,Oberriet (SG),SG - St. Gallen,https://sg.chregister.ch/cr-portal/auszug/zefix.xhtml?uid=CHE-107.294.027&lang=de
74,Bäckerei-Konditorei Rappo GmbH,Plasselb,FR - Fribourg,https://adm.appls.fr.ch/hrcmatic/hrcintapp/externalCompanyReport.action?companyOfrcId13=CH-217-3550200-3&ofrcLanguage=4
75,Bäckerei-Konditorei Reichmuth,Glarus,GL - Glarus,https://gl.chregister.ch/cr-portal/auszug/zefix.xhtml?uid=CHE-106.897.306&lang=de
76,Bäckerei-Konditorei Robert Genter,Embrach,ZH - Zürich,https://zh.chregister.ch/cr-portal/auszug/zefix.xhtml?uid=CHE-106.937.199&lang=de
77,Bäckerei-Konditorei Rosenegg Arturo Egidio-Bühler,Ballwil,LU - Luzern,https://lu.chregister.ch/cr-portal/auszug/zefix.xhtml?uid=CHE-110.098.113&lang=de
78,Bäckerei-Konditorei Röthlisberger,Köniz,BE - Bern,https://be.chregister.ch/cr-portal/auszug/zefix.xhtml?uid=CHE-115.832.168&lang=de
79,Bäckerei-Konditorei Rothus Inhaber Adolf Stieger,Oberriet (SG),SG - St. Gallen,https://sg.chregister.ch/cr-portal/auszug/zefix.xhtml?uid=CHE-107.297.356&lang=de
80,Bäckerei-Konditorei Schambron,Ebnat-Kappel,SG - St. Gallen,https://sg.chregister.ch/cr-portal/auszug/zefix.xhtml?uid=CHE-108.221.344&lang=de
81,Bäckerei-Konditorei Schär,Huttwil,BE - Bern,https://be.chregister.ch/cr-portal/auszug/zefix.xhtml?uid=CHE-105.800.209&lang=de
82,Bäckerei-Konditorei Merz AG,Luzern,LU - Luzern,https://lu.chregister.ch/cr-portal/auszug/zefix.xhtml?uid=CHE-106.505.983&lang=de
83,Bäckerei-Konditorei Meyer KlG,Brügg,BE - Bern,https://be.chregister.ch/cr-portal/auszug/zefix.xhtml?uid=CHE-453.139.911&lang=de
84,Bäckerei-Konditorei Mischler,Selzach,SO - Solothurn,https://so.chregister.ch/cr-portal/auszug/zefix.xhtml?uid=CHE-109.834.874&lang=de
85,Bäckerei-Konditorei Möckli,Basadingen-Schlattingen,TG - Thurgau,https://tg.chregister.ch/cr-portal/auszug/zefix.xhtml?uid=CHE-107.076.387&lang=de
86,Bäckerei-Konditorei Montanari GmbH,Wetzikon (ZH),ZH - Zürich,https://zh.chregister.ch/cr-portal/auszug/zefix.xhtml?uid=CHE-459.143.377&lang=de
87,Bäckerei-Konditorei Niederberger-Giger,Laufen,BL - Basel-Landschaft,https://bl.chregister.ch/cr-portal/auszug/zefix.xhtml?uid=CHE-105.913.902&lang=de
88,Bäckerei-Konditorei Niffeler AG,Uzwil,SG - St. Gallen,https://sg.chregister.ch/cr-portal/auszug/zefix.xhtml?uid=CHE-107.270.860&lang=de
89,Bäckerei-Konditorei Nyffenegger,Matzingen,TG - Thurgau,https://tg.chregister.ch/cr-portal/auszug/zefix.xhtml?uid=CHE-115.604.526&lang=de
90,Bäckerei-Konditorei Oswald AG,Kirchberg (SG),SG - St. Gallen,https://sg.chregister.ch/cr-portal/auszug/zefix.xhtml?uid=CHE-107.255.352&lang=de
91,Bäckerei-Konditorei P. Hirsbrunner,Thun,BE - Bern,https://be.chregister.ch/cr-portal/auszug/zefix.xhtml?uid=CHE-106.153.789&lang=de
92,Bäckerei-Konditorei-Confiserie von Rotz GmbH,Cham,ZG - Zug,https://zg.chregister.ch/cr-portal/auszug/zefix.xhtml?uid=CHE-100.362.082&lang=de
93,Bäckerei-Konditorei-Confiserie von Rotz GmbH,Steinhausen,ZG - Zug,https://zg.chregister.ch/cr-portal/auszug/zefix.xhtml?uid=CHE-257.993.292&lang=de
94,Bäckerei-Konditorei-Confiserie-Café Haueter,Adelboden,BE - Bern,https://be.chregister.ch/cr-portal/auszug/zefix.xhtml?uid=CHE-157.338.603&lang=de
95,Bäckerei-Konditorei-Confiserie-Tea Room M. + A. Leiser,Suhr,AG - Aargau,https://ag.chregister.ch/cr-portal/auszug/zefix.xhtml?uid=CHE-356.575.515&lang=de
96,Bäckerei-Konditorei-Lebensmittel Hugo Gutjahr,Seedorf (BE),BE - Bern,https://be.chregister.ch/cr-portal/auszug/zefix.xhtml?uid=CHE-105.888.724&lang=de
97,Bäckerei-Konditorei-Restaurant Brändle z. Rössli,Mosnang,SG - St. Gallen,https://sg.chregister.ch/cr-portal/auszug/zefix.xhtml?uid=CHE-105.806.583&lang=de
98,"Bäckerei-Lebensmittel, M. Fausch",Seewis im Prättigau,GR - Graubünden,https://gr.chregister.ch/cr-portal/auszug/zefix.xhtml?uid=CHE-107.777.260&lang=de
99,Bäckerei-Restaurant 'Chutze' AG,Bremgarten bei Bern,BE - Bern,https://be.chregister.ch/cr-portal/auszug/zefix.xhtml?uid=CHE-105.862.630&lang=de
100,Bäckerei-Restaurant Füger GmbH,Mörschwil,SG - St. Gallen,https://sg.chregister.ch/cr-portal/auszug/zefix.xhtml?uid=CHE-105.804.561&lang=de
101,Bäckerei-Tea-Room Arnold,Simplon,VS - Brig (Oberwallis),https://vo.chregister.ch/cr-portal/auszug/zefix.xhtml?uid=CHE-393.342.760&lang=de
102,Bäckerei Kaffee Spontan GmbH,Mühleberg,BE - Bern,https://be.chregister.ch/cr-portal/auszug/zefix.xhtml?uid=CHE-234.076.108&lang=de
103,Bäckerei Kafi Berlinge Nüesch,Berlingen,TG - Thurgau,https://tg.chregister.ch/cr-portal/auszug/zefix.xhtml?uid=CHE-229.442.348&lang=de
104,Bäckerei Kast AG,Reute (AR),AR - Appenzell A. Rh.,https://ar.chregister.ch/cr-portal/auszug/zefix.xhtml?uid=CHE-106.848.555&lang=de
105,Bäckerei Knobel GmbH,Tuggen,SZ - Schwyz,https://sz.chregister.ch/cr-portal/auszug/zefix.xhtml?uid=CHE-108.640.735&lang=de
106,Bäckerei Koller GmbH,Teufen (AR),AR - Appenzell A. Rh.,https://ar.chregister.ch/cr-portal/auszug/zefix.xhtml?uid=CHE-107.068.399&lang=de
107,Bäckerei Konditorei Adula GmbH,Tujetsch,GR - Graubünden,https://gr.chregister.ch/cr-portal/auszug/zefix.xhtml?uid=CHE-145.311.649&lang=de
108,Bäckerei Konditorei Albert Fähndrich,Sins,AG - Aargau,https://ag.chregister.ch/cr-portal/auszug/zefix.xhtml?uid=CHE-107.469.657&lang=de
109,Bäckerei Konditorei Bachmann GmbH,Rheineck,SG - St. Gallen,https://sg.chregister.ch/cr-portal/auszug/zefix.xhtml?uid=CHE-391.154.650&lang=de
110,Bäckerei Konditorei Bruderer AG,Wichtrach,BE - Bern,https://be.chregister.ch/cr-portal/auszug/zefix.xhtml?uid=CHE-265.591.932&lang=de
111,BÄCKEREI KONDITOREI CAFÉ HAUSAMMANN,Zürich,ZH - Zürich,https://zh.chregister.ch/cr-portal/auszug/zefix.xhtml?uid=CHE-109.384.807&lang=de
112,Bäckerei-Konditorei Ch. + I. Muralt,Ostermundigen,BE - Bern,https://be.chregister.ch/cr-portal/auszug/zefix.xhtml?uid=CHE-105.751.657&lang=de
113,Bäckerei-Konditorei Daniel Brunner,Uster,ZH - Zürich,https://zh.chregister.ch/cr-portal/auszug/zefix.xhtml?uid=CHE-112.128.512&lang=de
114,Bäckerei-Konditorei Dänzer GmbH,Ostermundigen,BE - Bern,https://be.chregister.ch/cr-portal/auszug/zefix.xhtml?uid=CHE-105.591.342&lang=de
115,Bäckerei-Konditorei Doris Nüssli,Illnau-Effretikon,ZH - Zürich,https://zh.chregister.ch/cr-portal/auszug/zefix.xhtml?uid=CHE-106.967.585&lang=de
116,Bäckerei-Konditorei Eberle AG,Wil (SG),SG - St. Gallen,https://sg.chregister.ch/cr-portal/auszug/zefix.xhtml?uid=CHE-359.547.656&lang=de
117,"Bäckerei-Konditorei Eggen, T. Manetsch-Lutz",Reutigen,BE - Bern,https://be.chregister.ch/cr-portal/auszug/zefix.xhtml?uid=CHE-107.988.549&lang=de
118,Bäckerei-Konditorei Emmenegger GmbH,Hasle (LU),LU - Luzern,https://lu.chregister.ch/cr-portal/auszug/zefix.xhtml?uid=CHE-400.182.498&lang=de
119,Bäckerei-Konditorei Esther Reinbold-Friedli,Rohrbach,BE - Bern,https://be.chregister.ch/cr-portal/auszug/zefix.xhtml?uid=CHE-114.402.718&lang=de
120,Bäckerei-Konditorei Forrer,Ebnat-Kappel,SG - St. Gallen,https://sg.chregister.ch/cr-portal/auszug/zefix.xhtml?uid=CHE-107.972.666&lang=de
121,Bäckerei-Konditorei Frei AG,Obersiggenthal,AG - Aargau,https://ag.chregister.ch/cr-portal/auszug/zefix.xhtml?uid=CHE-109.472.587&lang=de
122,Bäckerei-Konditorei Fuchs,Diepoldsau,SG - St. Gallen,https://sg.chregister.ch/cr-portal/auszug/zefix.xhtml?uid=CHE-107.291.997&lang=de
123,Bäckerei-Konditorei Funk GmbH,Egnach,TG - Thurgau,https://tg.chregister.ch/cr-portal/auszug/zefix.xhtml?uid=CHE-112.297.818&lang=de
124,Bäckerei-Konditorei Gasser,Malters,LU - Luzern,https://lu.chregister.ch/cr-portal/auszug/zefix.xhtml?uid=CHE-109.602.890&lang=de
125,"Bäckerei-Konditorei Gasser, Nachfolger N. Lio",Suhr,AG - Aargau,https://ag.chregister.ch/cr-portal/auszug/zefix.xhtml?uid=CHE-107.072.679&lang=de
126,Bäckerei-Konditorei Gerig GmbH,Urnäsch,AR - Appenzell A. Rh.,https://ar.chregister.ch/cr-portal/auszug/zefix.xhtml?uid=CHE-384.599.165&lang=de
127,Bäckerei-Konditorei Gutjahr GmbH,Seedorf (BE),BE - Bern,https://be.chregister.ch/cr-portal/auszug/zefix.xhtml?uid=CHE-358.805.637&lang=de
128,Bäckerei-Konditorei Gysi AG,Zetzwil,AG - Aargau,https://ag.chregister.ch/cr-portal/auszug/zefix.xhtml?uid=CHE-217.477.469&lang=de
129,Bäckerei-Konditorei Habegger,Trubschachen,BE - Bern,https://be.chregister.ch/cr-portal/auszug/zefix.xhtml?uid=CHE-235.581.633&lang=de
130,Bäckerei-Konditorei Hächler AG,Seengen,AG - Aargau,https://ag.chregister.ch/cr-portal/auszug/zefix.xhtml?uid=CHE-481.662.744&lang=de
131,Bäckerei-Konditorei Haller AG,Lenzburg,AG - Aargau,https://ag.chregister.ch/cr-portal/auszug/zefix.xhtml?uid=CHE-278.066.115&lang=de
132,Bäckerei-Konditorei Bieri Alfred,Erlenbach im Simmental,BE - Bern,https://be.chregister.ch/cr-portal/auszug/zefix.xhtml?uid=CHE-105.986.692&lang=de
133,Bäckerei-Konditorei Bolliger,Hinwil,ZH - Zürich,https://zh.chregister.ch/cr-portal/auszug/zefix.xhtml?uid=CHE-112.752.219&lang=de
134,Bäckerei-Konditorei Borer GmbH,Dulliken,SO - Solothurn,https://so.chregister.ch/cr-portal/auszug/zefix.xhtml?uid=CHE-388.691.628&lang=de
135,Bäckerei-Konditorei Börner,Winterthur,ZH - Zürich,https://zh.chregister.ch/cr-portal/auszug/zefix.xhtml?uid=CHE-110.352.599&lang=de
136,Bäckerei-Konditorei Bruno und Beatrice Reinle,Interlaken,BE - Bern,https://be.chregister.ch/cr-portal/auszug/zefix.xhtml?uid=CHE-107.192.119&lang=de
137,Bäckerei-Konditorei Bumann AG,Saas-Fee,VS - Brig (Oberwallis),https://vo.chregister.ch/cr-portal/auszug/zefix.xhtml?uid=CHE-266.271.430&lang=de
138,Bäckerei-Konditorei Bürgin GmbH,Kreuzlingen,TG - Thurgau,https://tg.chregister.ch/cr-portal/auszug/zefix.xhtml?uid=CHE-355.236.938&lang=de
139,Bäckerei-Konditorei Bütler,Muri (AG),AG - Aargau,https://ag.chregister.ch/cr-portal/auszug/zefix.xhtml?uid=CHE-115.969.749&lang=de
140,Bäckerei-Konditorei Café La Bohème GmbH,Leukerbad,VS - Brig (Oberwallis),https://vo.chregister.ch/cr-portal/auszug/zefix.xhtml?uid=CHE-109.502.610&lang=de
141,Bäckerei-Konditorei Café Schweizer & Co.,Wildhaus-Alt St. Johann,SG - St. Gallen,https://sg.chregister.ch/cr-portal/auszug/zefix.xhtml?uid=CHE-310.996.906&lang=de
142,"Bäckerei/Konditorei Muri's Produkte, Williner Moritz",Grächen,VS - Brig (Oberwallis),https://vo.chregister.ch/cr-portal/auszug/zefix.xhtml?uid=CHE-143.726.755&lang=de
143,Bäckereiservice Hunkeler,Niederwil (AG),AG - Aargau,https://ag.chregister.ch/cr-portal/auszug/zefix.xhtml?uid=CHE-110.602.224&lang=de
144,Bäckerei-Confiserie-Café Kuhnen GmbH,Lenk,BE - Bern,https://be.chregister.ch/cr-portal/auszug/zefix.xhtml?uid=CHE-107.208.476&lang=de
145,Bäckerei-Konditorei & Café Pascal Dobler,Richterswil,ZH - Zürich,https://zh.chregister.ch/cr-portal/auszug/zefix.xhtml?uid=CHE-423.821.599&lang=de
146,Bäckerei-Konditorei & Café Vogel GmbH,Küssnacht (SZ),SZ - Schwyz,https://sz.chregister.ch/cr-portal/auszug/zefix.xhtml?uid=CHE-113.466.242&lang=de
147,Bäckerei-Konditorei A. Zuber AG,Stalden (VS),VS - Brig (Oberwallis),https://vo.chregister.ch/cr-portal/auszug/zefix.xhtml?uid=CHE-332.997.417&lang=de
148,Bäckerei-Konditorei Aebersold-Baumann,Unterlangenegg,BE - Bern,https://be.chregister.ch/cr-portal/auszug/zefix.xhtml?uid=CHE-107.229.857&lang=de
149,Bäckerei-Konditorei Aegerter AG,Köniz,BE - Bern,https://be.chregister.ch/cr-portal/auszug/zefix.xhtml?uid=CHE-286.022.924&lang=de
150,Bäckerei-Konditorei Alt,Endingen,AG - Aargau,https://ag.chregister.ch/cr-portal/auszug/zefix.xhtml?uid=CHE-105.776.284&lang=de
151,Bäckerei-Konditorei B. Kindler + B. Hiltbrunner,Konolfingen,BE - Bern,https://be.chregister.ch/cr-portal/auszug/zefix.xhtml?uid=CHE-105.408.656&lang=de
152,"Bäckerei-Konditorei Beck Beck, Inh. H. Gmür",St. Gallen,SG - St. Gallen,https://sg.chregister.ch/cr-portal/auszug/zefix.xhtml?uid=CHE-106.057.387&lang=de
153,Bäckerei-Konditorei Bergamin,Buochs,NW - Nidwalden,https://nw.chregister.ch/cr-portal/auszug/zefix.xhtml?uid=CHE-105.741.067&lang=de
154,Bäckerei Bohnenblust AG,Bern,BE - Bern,https://be.chregister.ch/cr-portal/auszug/zefix.xhtml?uid=CHE-472.136.586&lang=de
155,Bäckerei Bosshart,Brütten,ZH - Zürich,https://zh.chregister.ch/cr-portal/auszug/zefix.xhtml?uid=CHE-107.161.923&lang=de
156,Bäckerei Brotbrösmeli GmbH,Ueberstorf,FR - Fribourg,https://adm.appls.fr.ch/hrcmatic/hrcintapp/externalCompanyReport.action?companyOfrcId13=CH-217-3544112-4&ofrcLanguage=4
157,Bäckerei Bruhin,Schübelbach,SZ - Schwyz,https://sz.chregister.ch/cr-portal/auszug/zefix.xhtml?uid=CHE-105.739.461&lang=de
158,Bäckerei Brunner AG,Dierikon,LU - Luzern,https://lu.chregister.ch/cr-portal/auszug/zefix.xhtml?uid=CHE-427.231.072&lang=de
159,Bäckerei Bumann,Basel,BS - Basel-Stadt,https://bs.chregister.ch/cr-portal/auszug/zefix.xhtml?uid=CHE-107.737.622&lang=de
160,Bäckerei Bürgi,Lengnau (AG),AG - Aargau,https://ag.chregister.ch/cr-portal/auszug/zefix.xhtml?uid=CHE-107.974.783&lang=de
161,Bäckerei Café Brioche AG,Eschenbach (LU),LU - Luzern,https://lu.chregister.ch/cr-portal/auszug/zefix.xhtml?uid=CHE-113.716.054&lang=de
162,Bäckerei Café Herger Max GmbH,Schattdorf,UR - Uri,https://ur.chregister.ch/cr-portal/auszug/zefix.xhtml?uid=CHE-109.538.921&lang=de
163,Bäckerei Caffè Latte Teneqëja,Zürich,ZH - Zürich,https://zh.chregister.ch/cr-portal/auszug/zefix.xhtml?uid=CHE-413.304.753&lang=de
164,Bäckerei Konditorei Singaraja Sivaji Philip Manohara,Basel,BS - Basel-Stadt,https://bs.chregister.ch/cr-portal/auszug/zefix.xhtml?uid=CHE-109.987.130&lang=de
165,Bäckerei Konditorei Staudenmann GmbH,Biberist,SO - Solothurn,https://so.chregister.ch/cr-portal/auszug/zefix.xhtml?uid=CHE-318.918.809&lang=de
166,Bäckerei Konditorei Tanner,Zürich,ZH - Zürich,https://zh.chregister.ch/cr-portal/auszug/zefix.xhtml?uid=CHE-303.070.085&lang=de
167,Bäckerei Konditorei Teixeira GmbH,Frauenfeld,TG - Thurgau,https://tg.chregister.ch/cr-portal/auszug/zefix.xhtml?uid=CHE-261.654.166&lang=de
168,Bäckerei Konditorei Zeller AG,Rüthi (SG),SG - St. Gallen,https://sg.chregister.ch/cr-portal/auszug/zefix.xhtml?uid=CHE-381.184.891&lang=de
169,Bäckerei Krähenbühl GmbH,Kerzers,FR - Fribourg,https://adm.appls.fr.ch/hrcmatic/hrcintapp/externalCompanyReport.action?companyOfrcId13=CH-217-3532988-8&ofrcLanguage=4
170,Bäckerei Kronig Charly,Mörel-Filet,VS - Brig (Oberwallis),https://vo.chregister.ch/cr-portal/auszug/zefix.xhtml?uid=CHE-106.785.541&lang=de
171,Bäckerei Krummenacher AG,Grosswangen,LU - Luzern,https://lu.chregister.ch/cr-portal/auszug/zefix.xhtml?uid=CHE-251.235.804&lang=de
172,Bäckerei Kunz GmbH,Altnau,TG - Thurgau,https://tg.chregister.ch/cr-portal/auszug/zefix.xhtml?uid=CHE-492.709.723&lang=de
173,Bäckerei Künzler GmbH,St. Margrethen,SG - St. Gallen,https://sg.chregister.ch/cr-portal/auszug/zefix.xhtml?uid=CHE-105.828.515&lang=de
174,Bäckerei Konditorei Hackebeil,Arbon,TG - Thurgau,https://tg.chregister.ch/cr-portal/auszug/zefix.xhtml?uid=CHE-107.965.011&lang=de
175,Bäckerei Konditorei Hess AG in Liquidation,Kaltbrunn,SG - St. Gallen,https://sg.chregister.ch/cr-portal/auszug/zefix.xhtml?uid=CHE-105.811.029&lang=de
176,Bäckerei Konditorei Hunger AG,Triengen,LU - Luzern,https://lu.chregister.ch/cr-portal/auszug/zefix.xhtml?uid=CHE-107.278.867&lang=de
177,Bäckerei Konditorei Hürlimann AG,Zürich,ZH - Zürich,https://zh.chregister.ch/cr-portal/auszug/zefix.xhtml?uid=CHE-111.754.799&lang=de
178,Bäckerei Konditorei Lebensmittel Urs Kunz,Luthern,LU - Luzern,https://lu.chregister.ch/cr-portal/auszug/zefix.xhtml?uid=CHE-107.283.182&lang=de
179,Bäckerei Konditorei Mohler Inhaber R. Abplanalp,Unterseen,BE - Bern,https://be.chregister.ch/cr-portal/auszug/zefix.xhtml?uid=CHE-350.873.629&lang=de
180,Bäckerei Konditorei Odermatt GmbH,Luzern,LU - Luzern,https://lu.chregister.ch/cr-portal/auszug/zefix.xhtml?uid=CHE-271.876.828&lang=de
181,Bäckerei Konditorei P. Scheiwiller,Waldkirch,SG - St. Gallen,https://sg.chregister.ch/cr-portal/auszug/zefix.xhtml?uid=CHE-112.017.433&lang=de
182,Bäckerei Konditorei Schenk,Röthenbach im Emmental,BE - Bern,https://be.chregister.ch/cr-portal/auszug/zefix.xhtml?uid=CHE-449.372.864&lang=de
183,Bäckerei Konditorei Siegrist GmbH,Sennwald,SG - St. Gallen,https://sg.chregister.ch/cr-portal/auszug/zefix.xhtml?uid=CHE-107.286.631&lang=de
184,Bäckerei Andreas Fend-Müller,Saanen,BE - Bern,https://be.chregister.ch/cr-portal/auszug/zefix.xhtml?uid=CHE-107.221.985&lang=de
185,Bäckerei Anklin/Stebler GmbH,Zwingen,BL - Basel-Landschaft,https://bl.chregister.ch/cr-portal/auszug/zefix.xhtml?uid=CHE-112.676.819&lang=de
186,Bäckerei Attenhofer AG,Thusis,GR - Graubünden,https://gr.chregister.ch/cr-portal/auszug/zefix.xhtml?uid=CHE-101.699.207&lang=de
187,Bäckerei Backstein GmbH,Niederglatt,ZH - Zürich,https://zh.chregister.ch/cr-portal/auszug/zefix.xhtml?uid=CHE-135.614.628&lang=de
188,Bäckerei Baggenstoss GmbH,Richterswil,ZH - Zürich,https://zh.chregister.ch/cr-portal/auszug/zefix.xhtml?uid=CHE-459.169.218&lang=de
189,Bäckerei Bähler GmbH,Lachen,SZ - Schwyz,https://sz.chregister.ch/cr-portal/auszug/zefix.xhtml?uid=CHE-114.940.944&lang=de
190,Bäckerei Baumgartner,Zug,ZG - Zug,https://zg.chregister.ch/cr-portal/auszug/zefix.xhtml?uid=CHE-109.269.230&lang=de
191,Bäckerei Beeler GmbH in Liquidation,Glarus,GL - Glarus,https://gl.chregister.ch/cr-portal/auszug/zefix.xhtml?uid=CHE-106.848.176&lang=de
192,Bäckerei Bieri KlG,Schangnau,BE - Bern,https://be.chregister.ch/cr-portal/auszug/zefix.xhtml?uid=CHE-473.509.833&lang=de
193,Bäckerei Bisegger GmbH,Wil (SG),SG - St. Gallen,https://sg.chregister.ch/cr-portal/auszug/zefix.xhtml?uid=CHE-112.014.015&lang=de
194,BÄCKEREI - KONDITOREI FÄSSLER,Rüte,AI - Appenzell I. Rh.,https://ai.chregister.ch/cr-portal/auszug/zefix.xhtml?uid=CHE-115.132.898&lang=de
195,"Bäckerei - Konditorei Furter, Nachfolger Mario Monaco-Oesch",Aarau,AG - Aargau,https://ag.chregister.ch/cr-portal/auszug/zefix.xhtml?uid=CHE-109.386.806&lang=de
196,Bäckerei - Konditorei Gübeli,St. Stephan,BE - Bern,https://be.chregister.ch/cr-portal/auszug/zefix.xhtml?uid=CHE-114.920.189&lang=de
197,Bäckerei - Konditorei Hermann,Muhen,AG - Aargau,https://ag.chregister.ch/cr-portal/auszug/zefix.xhtml?uid=CHE-107.066.035&lang=de
198,Bäckerei - Konditorei Jean-Pierre Grindat,Orpund,BE - Bern,https://be.chregister.ch/cr-portal/auszug/zefix.xhtml?uid=CHE-106.154.151&lang=de
199,Bäckerei - Konditorei Leuenberger,Zollikofen,BE - Bern,https://be.chregister.ch/cr-portal/auszug/zefix.xhtml?uid=CHE-107.148.259&lang=de
200,Bäckerei - Konditorei Maier GmbH,Böttstein,AG - Aargau,https://ag.chregister.ch/cr-portal/auszug/zefix.xhtml?uid=CHE-200.539.725&lang=de
201,Bäckerei - Konditorei Märchy GmbH,Glarus Nord,GL - Glarus,https://gl.chregister.ch/cr-portal/auszug/zefix.xhtml?uid=CHE-105.728.428&lang=de
202,Bäckerei - Konditorei Not Clalüna,Scuol,GR - Graubünden,https://gr.chregister.ch/cr-portal/auszug/zefix.xhtml?uid=CHE-107.695.188&lang=de
203,Bäckerei - Konditorei Unternährer & Co,Kappel (SO),SO - Solothurn,https://so.chregister.ch/cr-portal/auszug/zefix.xhtml?uid=CHE-112.494.017&lang=de
204,Bäckerei La Panetteria GmbH,St. Gallen,SG - St. Gallen,https://sg.chregister.ch/cr-portal/auszug/zefix.xhtml?uid=CHE-421.307.156&lang=de
205,Bäckerei Lanz AG,Bern,BE - Bern,https://be.chregister.ch/cr-portal/auszug/zefix.xhtml?uid=CHE-221.328.826&lang=de
206,Bäckerei Laube AG,Derendingen,SO - Solothurn,https://so.chregister.ch/cr-portal/auszug/zefix.xhtml?uid=CHE-112.999.866&lang=de
207,Bäckerei Lötscher AG,Escholzmatt-Marbach,LU - Luzern,https://lu.chregister.ch/cr-portal/auszug/zefix.xhtml?uid=CHE-107.228.119&lang=de
208,Bäckerei M. Leuenberger,Burgdorf,BE - Bern,https://be.chregister.ch/cr-portal/auszug/zefix.xhtml?uid=CHE-110.623.120&lang=de
209,Bäckerei Maria del Carmen Nieto GmbH,Zürich,ZH - Zürich,https://zh.chregister.ch/cr-portal/auszug/zefix.xhtml?uid=CHE-109.269.514&lang=de
210,Bäckerei Markus Ryser,Hilterfingen,BE - Bern,https://be.chregister.ch/cr-portal/auszug/zefix.xhtml?uid=CHE-107.226.267&lang=de
211,Bäckerei Marty Conditorei GmbH,Wollerau,SZ - Schwyz,https://sz.chregister.ch/cr-portal/auszug/zefix.xhtml?uid=CHE-112.340.495&lang=de
212,Bäckerei Meyer GmbH,Bern,BE - Bern,https://be.chregister.ch/cr-portal/auszug/zefix.xhtml?uid=CHE-102.477.419&lang=de
213,Bäckerei Michel GmbH,Adelboden,BE - Bern,https://be.chregister.ch/cr-portal/auszug/zefix.xhtml?uid=CHE-114.086.801&lang=de
214,Bäckerei Mödinger GmbH,Bern,BE - Bern,https://be.chregister.ch/cr-portal/auszug/zefix.xhtml?uid=CHE-113.157.019&lang=de
215,Bäckerei Montero,Wünnewil-Flamatt,FR - Fribourg,https://adm.appls.fr.ch/hrcmatic/hrcintapp/externalCompanyReport.action?companyOfrcId13=CH-217-0611241-4&ofrcLanguage=4
216,Bäckerei Moor gmbh,Niederweningen,ZH - Zürich,https://zh.chregister.ch/cr-portal/auszug/zefix.xhtml?uid=CHE-468.291.953&lang=de
217,Bäckerei Moser,Heimberg,BE - Bern,https://be.chregister.ch/cr-portal/auszug/zefix.xhtml?uid=CHE-116.209.109&lang=de
218,Bäckerei Motzer AG,Thal,SG - St. Gallen,https://sg.chregister.ch/cr-portal/auszug/zefix.xhtml?uid=CHE-115.797.336&lang=de
219,Bäckerei Müller AG,Solothurn,SO - Solothurn,https://so.chregister.ch/cr-portal/auszug/zefix.xhtml?uid=CHE-267.165.977&lang=de
220,"Bäckerei Mürner, Inhaber Sonja + Rolf Hari-Mürner",Reichenbach im Kandertal,BE - Bern,https://be.chregister.ch/cr-portal/auszug/zefix.xhtml?uid=CHE-107.189.146&lang=de
221,Bäckerei Nellie AG,Heiden,AR - Appenzell A. Rh.,https://ar.chregister.ch/cr-portal/auszug/zefix.xhtml?uid=CHE-148.400.597&lang=de
222,Bäckerei Neuenschwander AG,Schangnau,BE - Bern,https://be.chregister.ch/cr-portal/auszug/zefix.xhtml?uid=CHE-158.768.395&lang=de
223,Bäckerei Neuhof GmbH,Schlieren,ZH - Zürich,https://zh.chregister.ch/cr-portal/auszug/zefix.xhtml?uid=CHE-476.114.477&lang=de
224,Bäckerei / Konditorei Ganz,Langenthal,BE - Bern,https://be.chregister.ch/cr-portal/auszug/zefix.xhtml?uid=CHE-204.892.391&lang=de
225,Bäckerei / Konditorei Leutwyler GmbH,Zofingen,AG - Aargau,https://ag.chregister.ch/cr-portal/auszug/zefix.xhtml?uid=CHE-346.380.826&lang=de
226,Bäckerei / Konditorei Rüegger GmbH,Langnau im Emmental,BE - Bern,https://be.chregister.ch/cr-portal/auszug/zefix.xhtml?uid=CHE-105.022.067&lang=de
227,Bäckerei A. Mathieu-Zumstein AG,Leuk,VS - Brig (Oberwallis),https://vo.chregister.ch/cr-portal/auszug/zefix.xhtml?uid=CHE-105.756.488&lang=de
228,Bäckerei Abderhalden,Herisau,AR - Appenzell A. Rh.,https://ar.chregister.ch/cr-portal/auszug/zefix.xhtml?uid=CHE-107.351.748&lang=de
229,Bäckerei Abderhalden AG Wattwil,Wattwil,SG - St. Gallen,https://sg.chregister.ch/cr-portal/auszug/zefix.xhtml?uid=CHE-107.254.772&lang=de
230,Bäckerei Aebersold GmbH,Murten,FR - Fribourg,https://adm.appls.fr.ch/hrcmatic/hrcintapp/externalCompanyReport.action?companyOfrcId13=CH-217-0540059-8&ofrcLanguage=4
231,Bäckerei Allenspach GmbH,Fischingen,TG - Thurgau,https://tg.chregister.ch/cr-portal/auszug/zefix.xhtml?uid=CHE-265.077.575&lang=de
232,Bäckerei alpascha GmbH,Münchenstein,BL - Basel-Landschaft,https://bl.chregister.ch/cr-portal/auszug/zefix.xhtml?uid=CHE-198.680.660&lang=de
233,Bäckerei Amrein AG,Büron,LU - Luzern,https://lu.chregister.ch/cr-portal/auszug/zefix.xhtml?uid=CHE-264.368.722&lang=de
234,Bäckerei DUO GmbH,Zuchwil,SO - Solothurn,https://so.chregister.ch/cr-portal/auszug/zefix.xhtml?uid=CHE-418.409.916&lang=de
235,Bäckerei Eigenmann AG Lütisburg,Lütisburg,SG - St. Gallen,https://sg.chregister.ch/cr-portal/auszug/zefix.xhtml?uid=CHE-107.140.915&lang=de
236,Bäckerei Erni GmbH,Wolfwil,SO - Solothurn,https://so.chregister.ch/cr-portal/auszug/zefix.xhtml?uid=CHE-254.289.529&lang=de
237,Bäckerei FIRAT GmbH,Basel,BS - Basel-Stadt,https://bs.chregister.ch/cr-portal/auszug/zefix.xhtml?uid=CHE-105.232.682&lang=de
238,Bäckerei Fischer GmbH,Ersigen,BE - Bern,https://be.chregister.ch/cr-portal/auszug/zefix.xhtml?uid=CHE-114.111.994&lang=de
239,Bäckerei Fleischli-Stiftung,Niederglatt,ZH - Zürich,https://zh.chregister.ch/cr-portal/auszug/zefix.xhtml?uid=CHE-110.441.010&lang=de
240,Bäckerei Fontana AG,Plaffeien,FR - Fribourg,https://adm.appls.fr.ch/hrcmatic/hrcintapp/externalCompanyReport.action?companyOfrcId13=CH-217-0630252-1&ofrcLanguage=4
241,Bäckerei Frick AG,Buchs (SG),SG - St. Gallen,https://sg.chregister.ch/cr-portal/auszug/zefix.xhtml?uid=CHE-145.166.459&lang=de
242,Bäckerei Gaugler AG,Augst,BL - Basel-Landschaft,https://bl.chregister.ch/cr-portal/auszug/zefix.xhtml?uid=CHE-199.871.665&lang=de
243,Bäckerei Gerber GmbH,Riehen,BS - Basel-Stadt,https://bs.chregister.ch/cr-portal/auszug/zefix.xhtml?uid=CHE-109.574.839&lang=de
244,Bäckerei Tea-Room Burg AG,Rechthalten,FR - Fribourg,https://adm.appls.fr.ch/hrcmatic/hrcintapp/externalCompanyReport.action?companyOfrcId13=CH-217-3563298-9&ofrcLanguage=4
245,Bäckerei Thalmann GmbH,Hergiswil bei Willisau,LU - Luzern,https://lu.chregister.ch/cr-portal/auszug/zefix.xhtml?uid=CHE-368.973.791&lang=de
246,Bäckerei Tokay GmbH,Winterthur,ZH - Zürich,https://zh.chregister.ch/cr-portal/auszug/zefix.xhtml?uid=CHE-109.386.025&lang=de
247,Bäckerei und Restaurant Linde AG,Orpund,BE - Bern,https://be.chregister.ch/cr-portal/auszug/zefix.xhtml?uid=CHE-105.795.123&lang=de
248,Bäckerei Wagner AG,Oberuzwil,SG - St. Gallen,https://sg.chregister.ch/cr-portal/auszug/zefix.xhtml?uid=CHE-175.263.937&lang=de
249,Bäckerei Wüthrich AG,Grindelwald,BE - Bern,https://be.chregister.ch/cr-portal/auszug/zefix.xhtml?uid=CHE-107.193.142&lang=de
250,Bäckerei Ziehler Konditorei,Nesslau,SG - St. Gallen,https://sg.chregister.ch/cr-portal/auszug/zefix.xhtml?uid=CHE-107.283.549&lang=de
251,Bäckerei Zihlmann AG,Schüpfheim,LU - Luzern,https://lu.chregister.ch/cr-portal/auszug/zefix.xhtml?uid=CHE-302.621.640&lang=de
252,Bäckerei Zosso,Plaffeien,FR - Fribourg,https://adm.appls.fr.ch/hrcmatic/hrcintapp/externalCompanyReport.action?companyOfrcId13=CH-217-3557138-6&ofrcLanguage=4
253,"Bäckerei zum Engel, Keller",Au (SG),SG - St. Gallen,https://sg.chregister.ch/cr-portal/auszug/zefix.xhtml?uid=CHE-107.529.779&lang=de
254,Bäckerei Speck,Oberkulm,AG - Aargau,https://ag.chregister.ch/cr-portal/auszug/zefix.xhtml?uid=CHE-113.973.800&lang=de
255,Bäckerei Spitzbueb AG,Baden,AG - Aargau,https://ag.chregister.ch/cr-portal/auszug/zefix.xhtml?uid=CHE-112.763.476&lang=de
256,Bäckerei Stäubli AG,Haldenstein,GR - Graubünden,https://gr.chregister.ch/cr-portal/auszug/zefix.xhtml?uid=CHE-105.767.693&lang=de
257,"Bäckerei Stein, P. Riedwyl",Schangnau,BE - Bern,https://be.chregister.ch/cr-portal/auszug/zefix.xhtml?uid=CHE-109.692.433&lang=de
258,Bäckerei Steinegger AG,Meierskappel,LU - Luzern,https://lu.chregister.ch/cr-portal/auszug/zefix.xhtml?uid=CHE-114.324.159&lang=de
259,Bäckerei Steiner,Riggisberg,BE - Bern,https://be.chregister.ch/cr-portal/auszug/zefix.xhtml?uid=CHE-105.797.211&lang=de
260,Bäckerei Stöckli GmbH,Menznau,LU - Luzern,https://lu.chregister.ch/cr-portal/auszug/zefix.xhtml?uid=CHE-115.771.992&lang=de
261,Bäckerei Suter AG,Schötz,LU - Luzern,https://lu.chregister.ch/cr-portal/auszug/zefix.xhtml?uid=CHE-461.112.618&lang=de
262,Bäckerei Taverna,Uzwil,SG - St. Gallen,https://sg.chregister.ch/cr-portal/auszug/zefix.xhtml?uid=CHE-107.066.472&lang=de
263,Bäckerei Tea Room Bieri AG,Niederbipp,BE - Bern,https://be.chregister.ch/cr-portal/auszug/zefix.xhtml?uid=CHE-363.238.951&lang=de
264,Bäckerei Christen AG,Sempach,LU - Luzern,https://lu.chregister.ch/cr-portal/auszug/zefix.xhtml?uid=CHE-102.764.971&lang=de
265,Bäckerei Conditorei Confiserie Pfyl AG,Hedingen,ZH - Zürich,https://zh.chregister.ch/cr-portal/auszug/zefix.xhtml?uid=CHE-279.810.193&lang=de
266,"BÄCKEREI CONFISERIE BACKBORD, LORENZ MOSER, BEATRICE MOSER",Ostermundigen,BE - Bern,https://be.chregister.ch/cr-portal/auszug/zefix.xhtml?uid=CHE-110.492.160&lang=de
267,Bäckerei Confiserie Bucher AG,Emmen,LU - Luzern,https://lu.chregister.ch/cr-portal/auszug/zefix.xhtml?uid=CHE-115.564.068&lang=de
268,Bäckerei Confiserie Galli AG,Steffisburg,BE - Bern,https://be.chregister.ch/cr-portal/auszug/zefix.xhtml?uid=CHE-114.972.619&lang=de
269,Bäckerei Confiserie Grellinger AG,Reinach (BL),BL - Basel-Landschaft,https://bl.chregister.ch/cr-portal/auszug/zefix.xhtml?uid=CHE-412.619.094&lang=de
270,Bäckerei Confiserie Grellinger AG,Basel,BS - Basel-Stadt,https://bs.chregister.ch/cr-portal/auszug/zefix.xhtml?uid=CHE-403.888.011&lang=de
271,Bäckerei Dili GmbH,Olten,SO - Solothurn,https://so.chregister.ch/cr-portal/auszug/zefix.xhtml?uid=CHE-114.078.894&lang=de
272,Bäckerei Dimen GmbH,Killwangen,AG - Aargau,https://ag.chregister.ch/cr-portal/auszug/zefix.xhtml?uid=CHE-259.888.200&lang=de
273,Bäckerei Dörig GmbH Diepoldsau,Diepoldsau,SG - St. Gallen,https://sg.chregister.ch/cr-portal/auszug/zefix.xhtml?uid=CHE-105.900.182&lang=de
274,Bäckerei Göbel,Thun,BE - Bern,https://be.chregister.ch/cr-portal/auszug/zefix.xhtml?uid=CHE-262.284.540&lang=de
275,Bäckerei Gold AG,Zürich,ZH - Zürich,https://zh.chregister.ch/cr-portal/auszug/zefix.xhtml?uid=CHE-109.056.579&lang=de
276,Bäckerei Graber GmbH,Riedholz,SO - Solothurn,https://so.chregister.ch/cr-portal/auszug/zefix.xhtml?uid=CHE-422.600.038&lang=de
277,Bäckerei Gradwohl GmbH,Staufen,AG - Aargau,https://ag.chregister.ch/cr-portal/auszug/zefix.xhtml?uid=CHE-435.619.780&lang=de
278,Bäckerei Grob AG,Biel/Bienne,BE - Bern,https://be.chregister.ch/cr-portal/auszug/zefix.xhtml?uid=CHE-107.175.428&lang=de
279,Bäckerei Gutknecht AG,Ulmiz,FR - Fribourg,https://adm.appls.fr.ch/hrcmatic/hrcintapp/externalCompanyReport.action?companyOfrcId13=CH-217-0530153-5&ofrcLanguage=4
280,Bäckerei Gwerder & Ziegler AG,Landquart,GR - Graubünden,https://gr.chregister.ch/cr-portal/auszug/zefix.xhtml?uid=CHE-486.652.262&lang=de
281,Bäckerei Gwerder AG,Chur,GR - Graubünden,https://gr.chregister.ch/cr-portal/auszug/zefix.xhtml?uid=CHE-278.858.754&lang=de
282,Bäckerei Häfeli AG Hallau,Hallau,SH - Schaffhausen,https://sh.chregister.ch/cr-portal/auszug/zefix.xhtml?uid=CHE-106.927.605&lang=de
283,Bäckerei Happy AG,Zürich,ZH - Zürich,https://zh.chregister.ch/cr-portal/auszug/zefix.xhtml?uid=CHE-113.084.811&lang=de
284,Bäckerei Nussbaumer AG,Cham,ZG - Zug,https://zg.chregister.ch/cr-portal/auszug/zefix.xhtml?uid=CHE-106.013.220&lang=de
285,Bäckerei Nyffenegger GmbH,Reiden,LU - Luzern,https://lu.chregister.ch/cr-portal/auszug/zefix.xhtml?uid=CHE-115.564.720&lang=de
286,Bäckerei Oehler,Dittingen,BL - Basel-Landschaft,https://bl.chregister.ch/cr-portal/auszug/zefix.xhtml?uid=CHE-114.487.212&lang=de
287,Bäckerei Patric Inniger,Thunstetten,BE - Bern,https://be.chregister.ch/cr-portal/auszug/zefix.xhtml?uid=CHE-344.077.848&lang=de
288,Bäckerei Pfiffner AG,Mels,SG - St. Gallen,https://sg.chregister.ch/cr-portal/auszug/zefix.xhtml?uid=CHE-107.256.759&lang=de
289,Bäckerei Plüss im Limmatfeld GmbH,Dietikon,ZH - Zürich,https://zh.chregister.ch/cr-portal/auszug/zefix.xhtml?uid=CHE-352.859.132&lang=de
290,Bäckerei R. Sutter,Sissach,BL - Basel-Landschaft,https://bl.chregister.ch/cr-portal/auszug/zefix.xhtml?uid=CHE-114.776.656&lang=de
291,Bäckerei Rebsamen GmbH,Ferenbalm,BE - Bern,https://be.chregister.ch/cr-portal/auszug/zefix.xhtml?uid=CHE-495.977.444&lang=de
292,Bäckerei Rigazzi GmbH,Gachnang,TG - Thurgau,https://tg.chregister.ch/cr-portal/auszug/zefix.xhtml?uid=CHE-458.438.338&lang=de
293,Bäckerei Ritter,Ins,BE - Bern,https://be.chregister.ch/cr-portal/auszug/zefix.xhtml?uid=CHE-105.996.182&lang=de
294,Bäckerei-Konditorei Schiess AG,Sulgen,TG - Thurgau,https://tg.chregister.ch/cr-portal/auszug/zefix.xhtml?uid=CHE-283.796.656&lang=de
295,Bäckerei-Konditorei Schläpfer GmbH,Herisau,AR - Appenzell A. Rh.,https://ar.chregister.ch/cr-portal/auszug/zefix.xhtml?uid=CHE-109.101.205&lang=de
296,Bäckerei-Konditorei Schneider Inh. Felix Burkhardt,Basel,BS - Basel-Stadt,https://bs.chregister.ch/cr-portal/auszug/zefix.xhtml?uid=CHE-101.846.170&lang=de
297,Bäckerei-Konditorei Schwizer,Pfaffnau,LU - Luzern,https://lu.chregister.ch/cr-portal/auszug/zefix.xhtml?uid=CHE-105.079.601&lang=de
298,Bäckerei-Konditorei Sebregondi AG,Vaz/Obervaz,GR - Graubünden,https://gr.chregister.ch/cr-portal/auszug/zefix.xhtml?uid=CHE-200.733.552&lang=de
299,Bäckerei-Konditorei Sollberger,Gontenschwil,AG - Aargau,https://ag.chregister.ch/cr-portal/auszug/zefix.xhtml?uid=CHE-250.347.122&lang=de
300,Bäckerei-Konditorei Spicher,Sigriswil,BE - Bern,https://be.chregister.ch/cr-portal/auszug/zefix.xhtml?uid=CHE-107.254.163&lang=de
301,Bäckerei-Konditorei Spirig & Berchtold GmbH,Wartau,SG - St. Gallen,https://sg.chregister.ch/cr-portal/auszug/zefix.xhtml?uid=CHE-114.614.108&lang=de
302,Bäckerei-Konditorei Staub AG in Liquidation,Köniz,BE - Bern,https://be.chregister.ch/cr-portal/auszug/zefix.xhtml?uid=CHE-102.042.783&lang=de
303,Bäckerei-Konditorei Sterchi AG,Bern,BE - Bern,https://be.chregister.ch/cr-portal/auszug/zefix.xhtml?uid=CHE-109.816.072&lang=de
304,Bäckerei-Konditorei Stocker AG,Sursee,LU - Luzern,https://lu.chregister.ch/cr-portal/auszug/zefix.xhtml?uid=CHE-108.094.442&lang=de
305,Bäckerei-Konditorei Studler AG,Seengen,AG - Aargau,https://ag.chregister.ch/cr-portal/auszug/zefix.xhtml?uid=CHE-107.109.839&lang=de
306,Bäckerei-Konditorei Stutz GmbH,Unterlunkhofen,AG - Aargau,https://ag.chregister.ch/cr-portal/auszug/zefix.xhtml?uid=CHE-109.802.466&lang=de
307,Bäckerei-Konditorei Thomas Gautschi,Stettlen,BE - Bern,https://be.chregister.ch/cr-portal/auszug/zefix.xhtml?uid=CHE-113.030.672&lang=de
308,Bäckerei-Konditorei Tschumi AG,Weggis,LU - Luzern,https://lu.chregister.ch/cr-portal/auszug/zefix.xhtml?uid=CHE-109.484.142&lang=de
309,Bäckerei-Konditorei U. Schnidrig,Kandergrund,BE - Bern,https://be.chregister.ch/cr-portal/auszug/zefix.xhtml?uid=CHE-107.201.014&lang=de
310,Bäckerei-Konditorei Vetterli,Horgen,ZH - Zürich,https://zh.chregister.ch/cr-portal/auszug/zefix.xhtml?uid=CHE-285.280.174&lang=de
311,Bäckerei-Konditorei Vincenz AG,Lauterbrunnen,BE - Bern,https://be.chregister.ch/cr-portal/auszug/zefix.xhtml?uid=CHE-402.020.872&lang=de
312,Bäckerei-Konditorei von Burg AG,Küsnacht (ZH),ZH - Zürich,https://zh.chregister.ch/cr-portal/auszug/zefix.xhtml?uid=CHE-396.408.680&lang=de
313,Bäckerei-Konditorei Waber AG,Brittnau,AG - Aargau,https://ag.chregister.ch/cr-portal/auszug/zefix.xhtml?uid=CHE-114.926.039&lang=de
314,Bäckerei Röösli,Oberentfelden,AG - Aargau,https://ag.chregister.ch/cr-portal/auszug/zefix.xhtml?uid=CHE-470.329.565&lang=de
315,Bäckerei Ruckli AG,Sarmenstorf,AG - Aargau,https://ag.chregister.ch/cr-portal/auszug/zefix.xhtml?uid=CHE-150.447.450&lang=de
316,Bäckerei Ruppeiner AG,St. Gallen,SG - St. Gallen,https://sg.chregister.ch/cr-portal/auszug/zefix.xhtml?uid=CHE-183.998.797&lang=de
317,Bäckerei Schäfli Roswita Stolz,Niederbüren,SG - St. Gallen,https://sg.chregister.ch/cr-portal/auszug/zefix.xhtml?uid=CHE-285.849.594&lang=de
318,Bäckerei Schär,Ursenbach,BE - Bern,https://be.chregister.ch/cr-portal/auszug/zefix.xhtml?uid=CHE-105.790.686&lang=de
319,Bäckerei Schnüriger GmbH,Rothenthurm,SZ - Schwyz,https://sz.chregister.ch/cr-portal/auszug/zefix.xhtml?uid=CHE-112.161.308&lang=de
320,Bäckerei Schwager GmbH,Bremgarten (AG),AG - Aargau,https://ag.chregister.ch/cr-portal/auszug/zefix.xhtml?uid=CHE-107.655.674&lang=de
321,Bäckerei Schwegler GmbH,Willisau,LU - Luzern,https://lu.chregister.ch/cr-portal/auszug/zefix.xhtml?uid=CHE-107.804.537&lang=de
322,Bäckerei Schwyter AG,St. Gallen,SG - St. Gallen,https://sg.chregister.ch/cr-portal/auszug/zefix.xhtml?uid=CHE-109.088.421&lang=de
323,Bäckerei Siegfried,Zäziwil,BE - Bern,https://be.chregister.ch/cr-portal/auszug/zefix.xhtml?uid=CHE-103.415.409&lang=de
324,Bäckerei Hauser GmbH,Muntelier,FR - Fribourg,https://adm.appls.fr.ch/hrcmatic/hrcintapp/externalCompanyReport.action?companyOfrcId13=CH-217-3558418-5&ofrcLanguage=4
325,Bäckerei Haydar Aydin,Wetzikon (ZH),ZH - Zürich,https://zh.chregister.ch/cr-portal/auszug/zefix.xhtml?uid=CHE-316.685.066&lang=de
326,Bäckerei Herger GmbH,Attinghausen,UR - Uri,https://ur.chregister.ch/cr-portal/auszug/zefix.xhtml?uid=CHE-105.458.565&lang=de
327,Bäckerei Hotz Rust AG,Baar,ZG - Zug,https://zg.chregister.ch/cr-portal/auszug/zefix.xhtml?uid=CHE-107.377.245&lang=de
328,Bäckerei im Zentrum Villmergen AG,Villmergen,AG - Aargau,https://ag.chregister.ch/cr-portal/auszug/zefix.xhtml?uid=CHE-309.283.840&lang=de
329,Bäckerei Imboden AG,Brig-Glis,VS - Brig (Oberwallis),https://vo.chregister.ch/cr-portal/auszug/zefix.xhtml?uid=CHE-101.901.892&lang=de
330,Bäckerei Imholz AG,Zürich,ZH - Zürich,https://zh.chregister.ch/cr-portal/auszug/zefix.xhtml?uid=CHE-200.646.901&lang=de
331,Bäckerei Jassbach GmbH,Linden,BE - Bern,https://be.chregister.ch/cr-portal/auszug/zefix.xhtml?uid=CHE-113.326.285&lang=de
332,Bäckerei Jetzer GmbH,Basel,BS - Basel-Stadt,https://bs.chregister.ch/cr-portal/auszug/zefix.xhtml?uid=CHE-112.381.608&lang=de
333,Bäckerei Josef Schwarz Visp AG,Visp,VS - Brig (Oberwallis),https://vo.chregister.ch/cr-portal/auszug/zefix.xhtml?uid=CHE-112.450.563&lang=de
334,"Bäckerei ""gsund"" AG",Feusisberg,SZ - Schwyz,https://sz.chregister.ch/cr-portal/auszug/zefix.xhtml?uid=CHE-240.641.011&lang=de
335,Bäckerei & Catering M Janicijevic,Zürich,ZH - Zürich,https://zh.chregister.ch/cr-portal/auszug/zefix.xhtml?uid=CHE-114.960.579&lang=de
336,"Bäckerei & Konditorei, Biner & Co.",Zermatt,VS - Brig (Oberwallis),https://vo.chregister.ch/cr-portal/auszug/zefix.xhtml?uid=CHE-102.073.772&lang=de
337,Bäckerei + Party-Service Sandra Bircher,Wölflinswil,AG - Aargau,https://ag.chregister.ch/cr-portal/auszug/zefix.xhtml?uid=CHE-115.910.495&lang=de
338,Bäckerei - Konditorei - Café Gut,Willisau,LU - Luzern,https://lu.chregister.ch/cr-portal/auszug/zefix.xhtml?uid=CHE-112.034.070&lang=de
339,Bäckerei - Konditorei - Lebensmittel Leuenberger,Erlinsbach (SO),SO - Solothurn,https://so.chregister.ch/cr-portal/auszug/zefix.xhtml?uid=CHE-107.195.164&lang=de
340,Bäckerei - Konditorei - Lebensmittel Oester,Adelboden,BE - Bern,https://be.chregister.ch/cr-portal/auszug/zefix.xhtml?uid=CHE-109.306.718&lang=de
341,"Bäckerei - Konditorei Adula, Georg Schmid und Josefin Burri",Tujetsch,GR - Graubünden,https://gr.chregister.ch/cr-portal/auszug/zefix.xhtml?uid=CHE-438.593.065&lang=de
342,Bäckerei - Konditorei D. Pfister,Uetendorf,BE - Bern,https://be.chregister.ch/cr-portal/auszug/zefix.xhtml?uid=CHE-116.198.463&lang=de
343,Bäckerei - Konditorei Eichenberger AG,Langnau im Emmental,BE - Bern,https://be.chregister.ch/cr-portal/auszug/zefix.xhtml?uid=CHE-313.666.724&lang=de
